Secteur d'activit�;Entreprise;Stand;Intitul� m�tier;Famille m�tier;Contrat;niveau
SERVICE;SUPER U;1;Boucher H/F;METIER DE BOUCHE;CDI;CAP ou � former
SERVICE;SUPER U;1;Boulanger H/F;METIER DE BOUCHE;CDI;CAP ou � former
SERVICE;SUPER U;1;Vendeur(se) mar�e H/F;VENDEUR ALIMENTAIRE;CDI;CAP ou � former
SERVICE;SUPER U;1;Agent comptoir location de v�hicules H/F;COMMERCIAL;CDI;BAC
SERVICE;PACIFICA;2;Gestionnaire sinistres H/F;CONSEILLER ASSURANCE BANQUE;CDI;BAC
SERVICE;PACIFICA;2;Gestionnaire de sinistres d�butant H/F;CONSEILLER ASSURANCE BANQUE;CDI;BAC
SERVICE;PACIFICA;2;Gestionnaire de sinistres confirm� H/F;CONSEILLER ASSURANCE BANQUE;CDI;BAC  
SERVICE;PACIFICA;2;R�f�rent technique en gestion de sinistres habitation H/F;CONSEILLER ASSURANCE BANQUE;CDI;BAC+2 
BTP;ENGIE;3;Technicien de maintenance production eau chaude, chauffage et climatisation H/F;TECHNICIEN MAINTENANCE ;CDI CDD;CAP/BEP/BAC/BAC+2
BTP;VINCI;4;SOGEA Centre - Conducteur de Travaux Gros �uvre H/F;CONDUCTEUR TRAVAUX;STAGE - CDI;BAC +2
BTP;VINCI;4;SOGEA Centre - Chef d'�quipe Gros �uvre H/F;CONDUCTEUR TRAVAUX;CDI;CAP
BTP;VINCI;4;VINCI Facilities - Technicien maintenance CVC - Climatisation - Plomberie H/F;TECHNICIEN MAINTENANCE ;CONTRAT PRO;BEP
BTP;VINCI;4;TUNZINI - Plombier Chauffagiste H/F;PLOMBIER CHAUFFAGISTE;APPRENTISSAGE;CAP
BTP;VINCI;4;CEGELEC - Electricien H/F;ELECTRICIEN;APPRENTISSAGE - STAGE;CAP
BTP;VINCI;4;SOGEA Centre - Coffreur bancheur H/F;MACON;CONTRAT PRO;RAS
BTP;VINCI;4;SOGEA Nord-Ouest TP - Canalisateur H/F;CANALISATEUR;CONTRAT PRO;RAS
BTP;VINCI;4;TUNZINI - Chef de chantier Plomberie Chauffage H/F;CONDUCTEUR TRAVAUX;CDI;BEP
BTP;VINCI;4;TUNZINI - Charg�(e) Etude de prix CVC - Plomberie H/F;CHARGE D'ETUDES BTP;APPRENTISSAGE - STAGE;CAP
BTP;VINCI;4;SOGEA Centre - Chaudronnier soudeur H/F;METALLIER CHAUDRONNIER ;CDI - APPRENTISSAGE ;BEP
BTP;VINCI;4;CEGELEC - Comptable H/F;COMPTABLE CONTR�LE DE GESTION AUDIT;APPRENTISSAGE;BAC
AGRICULTURE;J. RICHARD;5;Ouvrier paysagiste H/F;AGENT ESPACE VERT;CDI - APPRENTISSAGE ;CAP � BTS
AGRICULTURE;J. RICHARD;5;Chef �quipe ouvrier paysagiste H/F;AGENT ESPACE VERT;CDI ;BAC PRO AU BAC + 3 
AGRICULTURE;J. RICHARD;5;Gestionnaire d�p�t H/F;MAGASINIER PREPARATEUR DE COMMANDE;CDI;BAC � BAC+2
AGRICULTURE;J. RICHARD;5;GOUEFFON - Elagueurs H/F;AGENT ESPACE VERT;CDI - APPRENTISSAGE ;BAC 
AGRICULTURE;J. RICHARD;5;GOUEFFON - Chef �quipe �lagueurs H/F;AGENT ESPACE VERT;CDI;BAC � BAC+2
AGRICULTURE;J. RICHARD;5;SAUVEGRAIN - ouvrier paysagiste H/F;AGENT ESPACE VERT;CDI - APPRENTISSAGE ;CAP � BTS
AGRICULTURE;J. RICHARD;5;SAUVEGRAIN - Chef �quipe ouvrier paysagiste H/F;AGENT ESPACE VERT;CDI ;BAC PRO � BAC+3 
AGRICULTURE;J. RICHARD;5;HEGY - ouvrier paysagiste H/F;AGENT ESPACE VERT;CDI - APPRENTISSAGE ;du CAP au BTS
AGRICULTURE;J. RICHARD;5;HEGY - Chef �quipe ouvrier paysagiste H/F;AGENT ESPACE VERT;CDI ;BAC PRO � BAC + 3 
NUMERIQUE;ARONDOR;6;D�veloppeur JAVA H/F;DEVELOPPEUR;CDI;>=BAC+3
NUMERIQUE;ARONDOR;6;D�veloppeur .NET H/F;DEVELOPPEUR;CDI;>=BAC+3
NUMERIQUE;ARONDOR;6;D�veloppeur H/F;DEVELOPPEUR;STAGE;BAC+2 � >=BAC+3
NUMERIQUE;ARONDOR;6;D�veloppeur H/F;DEVELOPPEUR;APPRENTISSAGE;>=BAC+3
SANTE SOCIAL;AU PAYS DES VERMEILLES;7;Auxiliaire de vie Sociale H/F;AIDE A DOMICILE;CDI -CDD - Apprentissage;Bac Pro ASSP, SAPAT, titre ADVF, DEAES
NUMERIQUE;ATOS;8;Administrateur syst�me senior H/F;ADMINISTRATEUR SYSTEME;CDI;>=BAC+3
NUMERIQUE;ATOS;8;Administrateur syst�mes confirm� H/F;ADMINISTRATEUR SYSTEME;CDI;>=BAC+3
NUMERIQUE;ATOS;8;Analyste D�veloppeur Nouvelles technologies Alternant H/F;DEVELOPPEUR;APPRENTISSAGE;>=BAC+3
NUMERIQUE;ATOS;8;Analyste D�veloppeur JEE Confirm� H/F;DEVELOPPEUR;CDI;>=BAC+5
NUMERIQUE;ATOS;8;Analyste D�veloppeur JEE Senior H/F;DEVELOPPEUR;CDI;>=BAC+5
NUMERIQUE;ATOS;8;Analyste D�veloppeur Nouvelles technologies Stagiaire H/F;DEVELOPPEUR;STAGE;>=BAC+3
NUMERIQUE;ATOS;8;Analyste D�veloppeur langage objet Senior H/F;DEVELOPPEUR;CDI;>=BAC+5
NUMERIQUE;ATOS;8;Analyste D�veloppeur langage objet Confirm� H/F;DEVELOPPEUR;CDI;>=BAC+5
NUMERIQUE;ATOS;8;Administrateur Syst�me Alternant H/F;ADMINISTRATEUR SYSTEME;APPRENTISSAGE;>=BAC+3
NUMERIQUE;ATOS;8;Int�grateur de Production Stagiaire H/F;DEVELOPPEUR;STAGE;>=BAC+3
NUMERIQUE;ATOS;8;Analyste fonctionnel Confirm� H/F;DEVELOPPEUR;CDI;>=BAC+5
NUMERIQUE;ATOS;8;Analyste fonctionnel Senior H/F;DEVELOPPEUR;CDI;>=BAC+5
NUMERIQUE;ATOS;8;Architecte technique Senior H/F;CHEF DE PROJET INFORMATIQUE;CDI;>=BAC+5
NUMERIQUE;ATOS;8;Chef de projet  H/F;CHEF DE PROJET INFORMATIQUE;CDI;>=BAC+5
NUMERIQUE;ATOS;8;Consultant cybers�curit� senior H/F;EXPERT TECHNIQUE INFORMATIQUE;CDI;>=BAC+5
NUMERIQUE;ATOS;8;Consultant progiciel Tech Lead confirm� H/F;EXPERT TECHNIQUE INFORMATIQUE;CDI;>=BAC+5
NUMERIQUE;ATOS;8;Expert technique JEE H/F;EXPERT TECHNIQUE INFORMATIQUE;CDI;>=BAC+5
NUMERIQUE;ATOS;8;Ing�nieur cybers�curit� confirm� H/F;EXPERT TECHNIQUE INFORMATIQUE;CDI;>=BAC+5
NUMERIQUE;ATOS;8;Int�grateur Confirm� H/F;DEVELOPPEUR;CDI;>=BAC+5
NUMERIQUE;ATOS;8;Int�grateur Senior H/F;DEVELOPPEUR;CDI;>=BAC+5
NUMERIQUE;ATOS;8;Testeur / Automaticien de tests Confirm� H/F;DEVELOPPEUR;CDI;>=BAC+5
NUMERIQUE;ATOS;8;Testeur / Automaticien de tests Senior H/F;DEVELOPPEUR;CDI;>=BAC+5
NUMERIQUE;ATOS;8;Ing�nieur Commercial exp�riment� H/F;EXPERT TECHNIQUE INFORMATIQUE;CDI;>=BAC+5
NUMERIQUE;ATOS;8;Service Delivery Manager Senior H/F;EXPERT TECHNIQUE INFORMATIQUE;CDI;>=BAC+5
HOTELLERIE RESTAURATION;CAPHOTEL;9;IBIS BUDGET - Valet / femme de chambre H/F;EMPLOYE HOTELLERIE RESTAURATION;CDD;SANS FORMATION
HOTELLERIE RESTAURATION;CAPHOTEL;9;L'OREE DES CHENES - Commis de cuisine H/F;CUISINIER;CDI - CDD;CAP
HOTELLERIE RESTAURATION;CAPHOTEL;9;L'OREE DES CHENES - Chef de partie H/F;CUISINIER;CDI - CDD;CAP - BAC
HOTELLERIE RESTAURATION;CAPHOTEL;9;L'OREE DES CHENES - Chef de Rang H/F ;SERVEUR;CDI-CDD;CAP 
HOTELLERIE RESTAURATION;CAPHOTEL;9;L'OREE DES CHENES - Assistant Ma�tre d'H�tel H/F;EMPLOYE HOTELLERIE RESTAURATION;CDI;CAP
HOTELLERIE RESTAURATION;CAPHOTEL;9;NOVOTEL - Commis de cuisine H/F;CUISINIER;CDI - CDD;BAC - CAP
HOTELLERIE RESTAURATION;CAPHOTEL;9;NOVOTEL - Chef de Rang H/F ;SERVEUR;CDD;CAP - BAC
HOTELLERIE RESTAURATION;CAPHOTEL;9;NOVOTEL - R�ceptionniste Tournant H/F;RECEPTIONNISTE;CDI;CAP
HOTELLERIE RESTAURATION;CAPHOTEL;9;NOVOTEL - Valet / femme de chambre H/F;EMPLOYE HOTELLERIE RESTAURATION;CDI - CDD;CAP
HOTELLERIE RESTAURATION;CAPHOTEL;9;MERCURE - Ma�tre d'hotel H/F;SERVEUR;CDI;BAC
HOTELLERIE RESTAURATION;CAPHOTEL;9;MERCURE - Second de cuisine H/F;CUISINIER;CDI;BAC
HOTELLERIE RESTAURATION;CAPHOTEL;9;MERCURE - Commis de salle H/F;SERVEUR;CDD;CAP
HOTELLERIE RESTAURATION;CAPHOTEL;9;MERCURE - Valet / femme de chambre H/F;EMPLOYE HOTELLERIE RESTAURATION;CDD;SANS FORMATION
FONCTION PUBLIQUE;ARMEE;10;MARINE - Militaire H/F;MILITAIRE;CDD (1, 2, 4, 10 ans);3�me � BAC+5
FONCTION PUBLIQUE;ARMEE;10;MARINE - Marin H/F;MILITAIRE;CDD (1, 2, 4, 10 ans);3�me � BAC+5
FONCTION PUBLIQUE;ARMEE;10;MARINE - Mousse ;MILITAIRE;CDD (1, 2, 4, 10 ans);3�me � BAC+5
FONCTION PUBLIQUE;ARMEE;10;MARINE - Maintenance;TECHNICIEN MAINTENANCE ;CDD (1, 2, 4, 10 ans);3�me � BAC+5
FONCTION PUBLIQUE;ARMEE;10;MARINE - Energie nucl�aire;INGENIEUR ;CDD (1, 2, 4, 10 ans);3�me � BAC+5
FONCTION PUBLIQUE;ARMEE;10;MARINE - A�ronautique naval H/F;MILITAIRE;CDD (1, 2, 4, 10 ans);3�me � BAC+5
FONCTION PUBLIQUE;ARMEE;10;MARINE - Fusillier Marin H/F;MILITAIRE;CDD (1, 2, 4, 10 ans);3�me � BAC+5
FONCTION PUBLIQUE;ARMEE;10;MARINE - Marin pompier H/F;POMPIER;CDD (1, 2, 4, 10 ans);3�me � BAC+5
FONCTION PUBLIQUE;ARMEE;10;MARINE - Armement H/F;MILITAIRE;CDD (1, 2, 4, 10 ans);3�me � BAC+5
FONCTION PUBLIQUE;ARMEE;10;MARINE - Restauration H/F;EMPLOYE HOTELLERIE RESTAURATION;CDD (1, 2, 4, 10 ans);3�me � BAC+5
FONCTION PUBLIQUE;ARMEE;10;TERRE - engag� volontaire H/F;MILITAIRE;CDD 3 - 5 - 9 ans;sans dipl�me � BAC
FONCTION PUBLIQUE;ARMEE;10;TERRE - combattant H/F;MILITAIRE;CDD 3 - 5 - 9 ans;sans dipl�me � BAC
FONCTION PUBLIQUE;ARMEE;10;TERRE - pompier H/F;POMPIER;CDD 3 - 5 - 9 ans;sans dipl�me � BAC +5
FONCTION PUBLIQUE;ARMEE;10;TERRE - d�mineur H/F;MILITAIRE;CDD 3 - 5 - 9 ans;sans dipl�me � BAC +3
FONCTION PUBLIQUE;ARMEE;10;TERRE - maitre de chien H/F;AGENT SECURITE;CDD 3 - 5 - 9 ans;sans dipl�me � BAC +3
FONCTION PUBLIQUE;ARMEE;10;TERRE - logisticien H/F;LOGISTICIEN;CDD 3 - 5 - 9 ans;sans dipl�me � BAC +5
FONCTION PUBLIQUE;ARMEE;10;TERRE - assistant m�dicale H/F;ASSISTANT MEDICAL;CDD 3 - 5 - 9 ans;CAP � BAC
FONCTION PUBLIQUE;ARMEE;10;TERRE - �lectrotechnicien H/F;TECHNICIEN MAINTENANCE ;CDD 3 - 5 - 9 ans;CAP � BAC +3
FONCTION PUBLIQUE;ARMEE;10;TERRE - m�canicien optronique H/F;ELECTRONICIEN;CDD 3 - 5 - 9 ans;CAP � BAC +3
FONCTION PUBLIQUE;ARMEE;10;TERRE - secr�taire H/F;AGENT ADMINISTRATIF;CDD 3 - 5 - 9 ans;CAP � BAC +3
FONCTION PUBLIQUE;ARMEE;10;TERRE - m�canicien PL H/F;MECANICIEN;CDD 3 - 5 - 9 ans;CAP � BAC +3
FONCTION PUBLIQUE;ARMEE;10;TERRE - conducteur PL - SPL H/F;CHAUFFEUR PL - VL - BUS;CDD 3 - 5 - 9 ans;CAP � BAC +3
FONCTION PUBLIQUE;ARMEE;10;TERRE - transport mati�res dangereuses H/F;CHAUFFEUR PL - VL - BUS;CDD 3 - 5 - 9 ans;CAP � BAC +3
FONCTION PUBLIQUE;ARMEE;10;TERRE - cuisinier H/F;CUISINIER;CDD 3 - 5 - 9 ans;CAP � BAC +3
FONCTION PUBLIQUE;ARMEE;10;TERRE - m�canicien v�hicule H/F;MECANICIEN;CDD 3 - 5 - 9 ans;CAP � BAC +3
FONCTION PUBLIQUE;ARMEE;10;TERRE - BTP H/F;OUVRIER BTP;CDD 3 - 5 - 9 ans;CAP � BAC +3
FONCTION PUBLIQUE;ARMEE;10;TERRE - frigoriste H/F;PLOMBIER CHAUFFAGISTE;CDD 3 - 5 - 9 ans;CAP � BAC +3
FONCTION PUBLIQUE;ARMEE;10;TERRE - t�l�communication H/F;;CDD 3 - 5 - 9 ans;CAP � BAC +3
FONCTION PUBLIQUE;ARMEE;10;TERRE - pompier de Paris;POMPIER;CDD 1 puis 5 ans;CAP � BAC +3
FONCTION PUBLIQUE;ARMEE;10;TERRE - sapeur s�curit� civile H/F;POMPIER;CDD 1 puis 5 ans;CAP � BAC +3
FONCTION PUBLIQUE;ARMEE;10;TERRE - sous-officier H/F;MILITAIRE;CDD  5 - 9 ans;BAC � BAC +3
FONCTION PUBLIQUE;ARMEE;10;TERRE - m�canicien a�ro H/F;MECANICIEN;CDD  5 - 9 ans;BAC � BAC +3
FONCTION PUBLIQUE;ARMEE;10;TERRE - pilote drone H/F;MILITAIRE;CDD  5 - 9 ans;BAC � BAC +3
FONCTION PUBLIQUE;ARMEE;10;TERRE - informaticien H/F;DEVELOPPEUR;CDD  5 - 9 ans;BAC � BAC +5
FONCTION PUBLIQUE;ARMEE;10;TERRE - comptable H/F;COMPTABLE CONTR�LE DE GESTION AUDIT;CDD  5 - 9 ans;BAC � BAC +5
FONCTION PUBLIQUE;ARMEE;10;TERRE - secretaire m�dicale H/F;ASSISTANT MEDICAL;CDD  5 - 9 ans;CAP � BAC +3
FONCTION PUBLIQUE;ARMEE;10;TERRE - g�om�tre H/F;GEOMETRE TOPOGRAPHE;CDD  5 - 9 ans;BAC � BAC +5
FONCTION PUBLIQUE;ARMEE;10;TERRE - moniteur sportif H/F;ANIMATEUR SPORTIF;CDD  5 - 9 ans;BAC � BAC +5
FONCTION PUBLIQUE;ARMEE;10;TERRE - cyber defense H/F;EXPERT TECHNIQUE INFORMATIQUE;CDD  5 - 9 ans;BAC � BAC +5
FONCTION PUBLIQUE;ARMEE;10;TERRE - m�t�orologue H/F;MILITAIRE;CDD  5 - 9 ans;BAC � BAC +5
FONCTION PUBLIQUE;ARMEE;10;TERRE - contr�leur a�rien H/F;MILITAIRE;CDD  5 - 9 ans;BAC � BAC +3
FONCTION PUBLIQUE;ARMEE;10;TERRE - analyste renseignement H/F;MILITAIRE;CDD  5 - 9 ans;BAC � BAC +5
FONCTION PUBLIQUE;ARMEE;10;TERRE - officier sous contrat H/F;MILITAIRE;CDD 5 - 7 - 10 ans;BAC +3 � BAC +5
FONCTION PUBLIQUE;ARMEE;10;TERRE - pilote d'h�licopt�re H/F;MILITAIRE;CDD 10 ans;BAC � BAC +5
FONCTION PUBLIQUE;ARMEE;10;TERRE - chef de section H/F;MILITAIRE;CDD 7 ans;BAC +3 � BAC +5
FONCTION PUBLIQUE;ARMEE;10;TERRE - charg� de communication H/F;CHARGE COMMUNICATION MARKETING;CDD 5 ans;BAC +3 � BAC +5
FONCTION PUBLIQUE;ARMEE;10;TERRE - charg� budget finances H/F;COMPTABLE CONTR�LE DE GESTION AUDIT;CDD 5 ans;BAC +3 � BAC +5
FONCTION PUBLIQUE;ARMEE;10;TERRE - officier de carri�re H/F;MILITAIRE;carri�re;BAC +5
INDUSTRIE;SUEZ Eau France;11;Electrom�canicien H/F;TECHNICIEN MAINTENANCE ;CDI - APPRENTISSAGE - STAGE;BAC+2 ou 3
INDUSTRIE;SUEZ Eau France;11;Canalisateur H/F;CANALISATEUR;CDI - APPRENTISSAGE - STAGE;CAP 
INDUSTRIE;SUEZ Eau France;11;Technicien de traitement H/F;TECHNICIEN LABORATOIRE;CDI - APPRENTISSAGE - STAGE;BAC+2 
INDUSTRIE;SUEZ Eau France;11;Chef d'Equipe H/F;LOGISTICIEN;CDI - APPRENTISSAGE ;BAC+2
INDUSTRIE;SUEZ Eau France;11;Conducteur mat�riel de collecte / Equipier de collecte H/F;CHAUFFEUR PL - VL - BUS;CDI - APPRENTISSAGE ;Permis C
SERVICE;TELEPERFORMANCE;12;Conseiller client t�l�phonique H/F;COMMERCIAL;CDD - APPRENTISSAGE;Tout niveau
FONCTION PUBLIQUE;CDG 45;13;Agent d'accueil et d'entretien H/F;AGENT D'ACCUEIL;CONTRAT DROIT PUBLIC;CAP-BEP
FONCTION PUBLIQUE;CDG 45;13;Agent des interventions techniques polyvalent en milieu rural H/F;TECHNICIEN MAINTENANCE ;CONTRAT DROIT PUBLIC;CAP-BEP
FONCTION PUBLIQUE;CDG 45;13;REGION - Agent de maitnenance g�n�rale des b�timents (LYC�E) H/F;TECHNICIEN MAINTENANCE ;CONTRAT DROIT PUBLIC;CAP-BEP
FONCTION PUBLIQUE;CDG 45;13;Assistant ressources humaines H/F;RH;CONTRAT DROIT PUBLIC;BAC
FONCTION PUBLIQUE;CDG 45;13;ATSEM H/F;ASSISTANTE MATERNELLE;CONTRAT DROIT PUBLIC;CAP
FONCTION PUBLIQUE;CDG 45;13;Auxiliaire de pu�riculture H/F;ASSISTANTE MATERNELLE;CONTRAT DROIT PUBLIC;CAP
FONCTION PUBLIQUE;CDG 45;13;Charg� de communication H/F;CHARGE COMMUNICATION MARKETING;CONTRAT DROIT PUBLIC;BAC +2
FONCTION PUBLIQUE;CDG 45;13;REGION - Chef de projet applicatif H/F;CHEF DE PROJET INFORMATIQUE;CONTRAT DROIT PUBLIC;BAC +5
FONCTION PUBLIQUE;CDG 45;13;Ma�tre nageur sauveteur H/F;MAITRE NAGEUR;CONTRAT DROIT PUBLIC;BAC +2
FONCTION PUBLIQUE;CDG 45;13;Policier municipal H/F;AGENT SECURITE;CONTRAT DROIT PUBLIC;BAC
FONCTION PUBLIQUE;CDG 45;13;REGION - Responsable d'�quipe restauration (LYC�E) H/F;CUISINIER;CONTRAT DROIT PUBLIC;CAP-BEP
FONCTION PUBLIQUE;CDG 45;13;Secr�taire de mairie H/F;AGENT ADMINISTRATIF;CONTRAT DROIT PUBLIC;BAC
NUMERIQUE;INETUM;14;Consultant AMOA H/F;DEVELOPPEUR;CDI;BAC +5
NUMERIQUE;INETUM;14;D�veloppeur JAVA, JEE H/F;DEVELOPPEUR;CDI;BAC +5
NUMERIQUE;INETUM;14;D�veloppeur PHP, Drupal H/F;DEVELOPPEUR;CDI;BAC +5
NUMERIQUE;INETUM;14;Consultant test & recette H/F;DEVELOPPEUR;CDI;BAC +5
NUMERIQUE;INETUM;14;Engineer DevOps H/F;DEVELOPPEUR;CDI;BAC +5
NUMERIQUE;INETUM;14;Technical Leader H/F;EXPERT TECHNIQUE INFORMATIQUE;CDI;BAC +5
NUMERIQUE;INETUM;14;Data Engineer H/F;DATA SCIENTIST;CDI;BAC +5
NUMERIQUE;INETUM;14;Consultant Business Intelligence H/F;EXPERT TECHNIQUE INFORMATIQUE;CDI;BAC +5
NUMERIQUE;INETUM;14;Scrum master Java Jee H/F;DEVELOPPEUR;CDI;BAC +5
NUMERIQUE;INETUM;14;Int�grateur d'applications H/F;DEVELOPPEUR;CDI;BAC +5
NUMERIQUE;INETUM;14;Analyste exploitation H/F;DEVELOPPEUR;CDI;BAC +5
NUMERIQUE;INETUM;14;Ing�nieur de production H/F;EXPERT TECHNIQUE INFORMATIQUE;CDI;BAC +5
NUMERIQUE;INETUM;14;Administrateur syst�me H/F;ADMINISTRATEUR SYSTEME;CDI;BAC +5
NUMERIQUE;INETUM;14;Administrateur r�seaux H/F;ADMINISTRATEUR SYSTEME;CDI;BAC +5
NUMERIQUE;INETUM;14;Ing�nieur SysOps H/F;EXPERT TECHNIQUE INFORMATIQUE;CDI;BAC +5
NUMERIQUE;INETUM;14;Ing�nieur syst�me H/F;ADMINISTRATEUR SYSTEME;CDI;BAC +5
NUMERIQUE;INETUM;14;Ing�nieur r�seaux H/F;ADMINISTRATEUR SYSTEME;CDI;BAC +5
NUMERIQUE;INETUM;14;Consultant MOA H/F;EXPERT TECHNIQUE INFORMATIQUE;CDI;BAC +5
SERVICE;DECATHLON;15;Technicien Vendeur H/F;VENDEUR;APPRENTISSAGE;RAS
SERVICE;DECATHLON;15;Technicien Vendeur H/F;VENDEUR;CDI;RAS
SERVICE;DECATHLON;15;Responsable de Rayon H/F;VENDEUR;CDI;>=BAC+3
SERVICE;DECATHLON;15;ALTERNANCE Responsable de Rayon H/F;VENDEUR;APPRENTISSAGE;BAC+2
SERVICE;DECATHLON;15;Charg� de recrutement H/F;RH;STAGE;BAC+2
BTP;INEO CENTRE;16;Electricien H/F;ELECTRICIEN;ETT - CDI - STAGE - APPRENTISSAGE;RAS
BTP;INEO CENTRE;16;Technicien de maintenance H/F;TECHNICIEN MAINTENANCE ;ETT - CDI - STAGE - APPRENTISSAGE;RAS
BTP;INEO CENTRE;16;Chef d'�quipe electricien H/F;ELECTRICIEN;CDI - STAGE - APPRENTISSAGE;RAS
BTP;INEO CENTRE;16;Chef de chantier electricien H/F;ELECTRICIEN;CDI - STAGE - APPRENTISSAGE;RAS
BTP;INEO CENTRE;16;Conducteur de travaux  H/F;CONDUCTEUR TRAVAUX;CDI - STAGE - APPRENTISSAGE;RAS
BTP;INEO CENTRE;16;Technicien bureau d'�tudes H/F;TECHNICIEN R&D;CDI - STAGE - APPRENTISSAGE;RAS
BTP;INEO CENTRE;16;Acheteur  H/F;ACHETEUR;CDI - STAGE - APPRENTISSAGE;RAS
BTP;INEO CENTRE;16;Approvisioneur H/F;LOGISTICIEN;CDI - STAGE - APPRENTISSAGE;RAS
BTP;INEO CENTRE;16;Charg� d'affaires H/F;COMMERCIAL;CDI - STAGE - APPRENTISSAGE;RAS
BTP;INEO CENTRE;16;Automaticien H/F;TECHNICIEN MAINTENANCE ;CDI - STAGE - APPRENTISSAGE;RAS
NUMERIQUE;TX2 CONCEPT;17;D�veloppeur logiciels et web H/F;DEVELOPPEUR;CDI;BAC+5
NUMERIQUE;TX2 CONCEPT;17;Consultant informatique H/F;EXPERT TECHNIQUE INFORMATIQUE;CDI;BAC+2
NUMERIQUE;TX2 CONCEPT;17;Chef de projet informatique H/F;CHEF DE PROJET INFORMATIQUE;CDI;>=BAC+3
NUMERIQUE;TX2 CONCEPT;17;Consultant informatique H/F;EXPERT TECHNIQUE INFORMATIQUE;APPRENTISSAGE;BAC+2
NUMERIQUE;TX2 CONCEPT;17;Chef de projet informatique H/F;CHEF DE PROJET INFORMATIQUE;APPRENTISSAGE;>=BAC+3
NUMERIQUE;TX2 CONCEPT;17;D�veloppeur logiciels et web H/F;DEVELOPPEUR;STAGE;BAC+4
NUMERIQUE;TX2 CONCEPT;17;Consultant support technique H/F;EXPERT TECHNIQUE INFORMATIQUE;CDI;BAC+2
INDUSTRIE;SUEZ Eau France;11;Technicien de maintenance H/F;TECHNICIEN MAINTENANCE ;CDI - APPRENTISSAGE - STAGE;BAC+2 ou 3
INDUSTRIE;SUEZ Eau France;11;Conducteur engins de TP H/F;CONDUCTEUR D'ENGINS;CDI - APPRENTISSAGE - STAGE;CAP 
INDUSTRIE;SUEZ Eau France;11;Man�uvre TP  H/F;OUVRIER BTP;CDI - APPRENTISSAGE - STAGE;CAP 
INDUSTRIE;SUEZ Eau France;11;Op�rateur r�seaux H/F;CANALISATEUR;CDI - APPRENTISSAGE - STAGE;CAP 
INDUSTRIE;ATLANTIC;18;Conseiller Technique Clients H/F;TECHNICO COMMERCIAL;CDI;BAC+2
INDUSTRIE;ATLANTIC;18;Ing�nieur support clients H/F;INGENIEUR COMMERCIAL;CDI;>=BAC +3
INDUSTRIE;ATLANTIC;18;Team Leader H/F;TECHNICIEN R&D;CDI;BAC
INDUSTRIE;ATLANTIC;18;Agent de fabrication H/F;TECHNICIEN PRODUCTION;CDI;BEP
BTP;BOUYGUES;20;BOUYGUES ENERGIES ET SERVICES - Monteur de r�seaux H/F;ELECTRICIEN;CDI-APPRENTISSAGE;BEP
BTP;BOUYGUES;20;BOUYGUES ENERGIES ET SERVICES - Electricien Eclairage public H/F;ELECTRICIEN;CDI-APPRENTISSAGE;BEP - BAC PRO
BTP;BOUYGUES;20;BOUYGUES ENERGIES ET SERVICES - Chauffeur mini pelle H/F;CONDUCTEUR D'ENGINS;CDI-APPRENTISSAGE;BEP
BTP;BOUYGUES;20;BOUYGUES ENERGIES ET SERVICES - Chauffeur PL/SPL H/F;CHAUFFEUR PL - VL - BUS;CDI-APPRENTISSAGE;BEP
BTP;BOUYGUES;20;BOUYGUES ENERGIES ET SERVICES - Chef de chantier H/F;CONDUCTEUR TRAVAUX;CDI-APPRENTISSAGE;BAC PRO - BAC+2
BTP;BOUYGUES;20;BOUYGUES BATIMENT - Coffreur / Bancheur H/F;MACON;CDI-APPRENTISSAGE;CAP - BAC PRO
BTP;BOUYGUES;20;BOUYGUES BATIMENT - Conducteur de travaux H/F;CONDUCTEUR TRAVAUX;CDI;>=BAC+3
INDUSTRIE;UIMM;21;Technicien usinage (Tourneur / fraiseur) H/F;TECHNICIEN PRODUCTION;CDI - ETT - APPRENTISSAGE;BEP - BAC - BAC+2
INDUSTRIE;UIMM;21;Conducteur d'�quipements / process H/F;TECHNICIEN PRODUCTION;CDI - ETT - APPRENTISSAGE;CAP - BEP - BAC
INDUSTRIE;UIMM;21;Chaudronnier / soudeur H/F;METALLIER CHAUDRONNIER ;CDI - ETT - APPRENTISSAGE;CAP - BEP - BAC
INDUSTRIE;UIMM;21;Op�rateur et technicien de maintenance H/F;TECHNICIEN MAINTENANCE ;CDI - ETT - APPRENTISSAGE;BAC - BAC+2 - BAC+3
INDUSTRIE;UIMM;21;Technicien BE H/F;TECHNICIEN R&D;CDI - ETT - APPRENTISSAGE;BAC+2 BAC+3
INDUSTRIE;UIMM;21;Technicien M�thodes / industrie H/F;TECHNICIEN R&D;CDI - ETT - APPRENTISSAGE;BAC+2 BAC+4
INDUSTRIE;UIMM;21;Technicien Qualit� H/F;TECHNICIEN PRODUCTION;CDI - ETT - APPRENTISSAGE;BAC+2 BAC+5
INDUSTRIE;UIMM;21;Ing�nieur M�canique H/F;INGENIEUR ;CDI - ETT - APPRENTISSAGE;>=BAC+3
INDUSTRIE;UIMM;21;Ing�nieur Electricit� / �lectronique H/F;INGENIEUR;CDI - ETT - APPRENTISSAGE;>=BAC+4
INDUSTRIE;UIMM;21;Ing�nieur process H/F;INGENIEUR;CDI - ETT - APPRENTISSAGE;>=BAC+5
INDUSTRIE;UIMM;21;Ing�nieur informatique H/F;EXPERT TECHNIQUE INFORMATIQUE;CDI - ETT - APPRENTISSAGE;>=BAC+6
INDUSTRIE;UIMM;21;Charg� d'affaires / Ing�nieur d'affaires H/F;TECHNICO COMMERCIAL;CDI - ETT - APPRENTISSAGE;BAC+2
INDUSTRIE;UIMM;21;Technico-commercial H/F;TECHNICO COMMERCIAL;CDI - ETT - APPRENTISSAGE;BAC+2
INDUSTRIE;RTE;22;Technicien Maintenance Lignes A�riennes H/F;TECHNICIEN MAINTENANCE ;CDI;BAC MELEC ,MEI, MSPC
INDUSTRIE;RTE;22;Technicien Maintenance ASI H/F;TECHNICIEN MAINTENANCE ;CDI;BAC +2 Electrotechnique DUT GEII
INDUSTRIE;RTE;22;Technicien Groupement de Postes H/F;ELECTRICIEN;CDI;BAC MELEC ,MEI, MSPC
BTP;ENGIE;23;ENGIE SOLUTIONS - Technicien de maintenance itin�rant H/F;TECHNICIEN MAINTENANCE ;CDI - APPRENTISSAGE - STAGE;CAP BEP BAC BAC +2 BAC +3
BTP;ENGIE;23;ENGIE SOLUTIONS - Technicien d'exploitation H/F;TECHNICIEN MAINTENANCE ;CDI - APPRENTISSAGE - STAGE;CAP BEP BAC BAC +2 BAC +3
BTP;ENGIE;23;ENGIE SOLUTIONS - Ing�nieur commercial H/F;INGENIEUR COMMERCIAL;CDI - APPRENTISSAGE - STAGE;BAC +5
BTP;ENGIE;23;ENGIE SOLUTIONS - Ing�nieur efficacit� �nerg�tique H/F;INGENIEUR ;CDI - APPRENTISSAGE - STAGE;BAC +5
BTP;ENGIE;23;ENGIE SOLUTIONS - Automaticien H/F;TECHNICIEN MAINTENANCE ;CDI - APPRENTISSAGE - STAGE;CAP BEP BAC BAC +2 BAC +3
BTP;ENGIE;23;ENGIE SOLUTIONS - Charg� d'affaire Travaux H/F;CHARGE D'ETUDES BTP;CDI - APPRENTISSAGE;CAP BEP BAC BAC +2 BAC +3
BTP;ENGIE;23;ENGIE SOLUTIONS - Conducteur de travaux H/F;CONDUCTEUR TRAVAUX;CDI - APPRENTISSAGE;CAP BEP BAC BAC +2 BAC +3
BTP;ENGIE;23;ENGIE SOLUTIONS - Chef de chantier H/F;CONDUCTEUR TRAVAUX;CDI - APPRENTISSAGE;CAP BEP BAC BAC +2 BAC +3
SERVICE;DERET LOGISTIQUE;24;Chef d'�quipe H/F;LOGISTICIEN;CDI;BAC BAC +2
SERVICE;DERET LOGISTIQUE;24;Chef d'exploitation H/F;LOGISTICIEN;CDI;BAC+2 BAC+3
SERVICE;DERET LOGISTIQUE;24;Directeur d'exploitation H/F;LOGISTICIEN;CDI;BAC+3 BAC+4
SERVICE;DERET LOGISTIQUE;24;Ing�nieur logistique H/F;LOGISTICIEN;CDI - ALTERNANCE;BAC+5
INDUSTRIE;SNCF;25;SNCF VOYAGEURS - Agent de maintenance H/F;TECHNICIEN MAINTENANCE ;CDI ;BAC - BEP (MSMA - MEI - STI2D)
INDUSTRIE;SNCF;25;SNCF VOYAGEURS - Agent Service Commercial Train H/F;COMMERCIAL;CDD puis CDI;RAS
INDUSTRIE;SNCF;25;SNCF VOYAGEURS - Agent de conduite H/F;TECHNICIEN MAINTENANCE ;CDI ;BAC - CAP (ELEEC, EIE, MSMA, MEI)
INDUSTRIE;SNCF;25;SNCF VOYAGEURS - Chef d'Escale H/F;VENDEUR;CDI ;"BAC+2 (relation client; management)"
INDUSTRIE;SNCF;25;SNCF VOYAGEURS - Gestionnaire de moyens H/F;LOGISTICIEN;CDI ;BAC+2 (transport logistique)
SERVICE;LECLERC;26;Employ� de rayon libre service H/F;EMPLOYE LIBRE SERVICE;CDI;RAS
SERVICE;LECLERC;26;Boucher H/F;METIER DE BOUCHE;CDI;RAS
SERVICE;LECLERC;26;Poissonnier H/F ;METIER DE BOUCHE;CDI;RAS
SERVICE;LECLERC;26;Conseiller de vente H/F;VENDEUR;CDI;RAS
SERVICE;LECLERC;26;M�canicien H/F;MECANICIEN;CDI;RAS
SERVICE;LECLERC;26;Conseiller de vente jouets H/F;VENDEUR;CDI;RAS
SERVICE;LECLERC;26;Esth�ticienne H/F;COIFFEUR ESTHETICIEN;CDI;RAS
SERVICE;LECLERC;26;Pr�parateur de commandes H/F;MAGASINIER PREPARATEUR DE COMMANDE;CDI;RAS
SERVICE;LECLERC;26;Hote de caisse H/F;EMPLOYE LIBRE SERVICE;CDI;RAS
INDUSTRIE;VERGNET;27;Technicien expert maintenance � l'international (�olien, solaire) H/F;TECHNICIEN MAINTENANCE ;CDI;Bac+2
INDUSTRIE;VERGNET;27;Chef de projets (�olien et/ou solaire) H/F;CHARGE D'ETUDES BTP;CDI;Bac+5
INDUSTRIE;VERGNET;27;Ing�nieur Bureau d'�tudes �lectriques H/F;INGENIEUR ;CDI;Bac+5
INDUSTRIE;VERGNET;27;Charg� d'exploitation et de contrat de maintenance H/F;TECHNICIEN MAINTENANCE ;CDI;Bac+5
INDUSTRIE;VERGNET;27;Superviseur de chantiers � l'international H/F;CONDUCTEUR TRAVAUX;CDI;Bac+5
INDUSTRIE;VERGNET;27;Technicien de chantiers � l'international H/F;CONDUCTEUR TRAVAUX;CDI;CAP/BEP/Bac+2
BTP;ERT Technologies;28;Technicien r�seaux H/F;ELECTRICIEN;CDI-CDD;BAC 
BTP;ERT Technologies;28;T�l�op�rateur/trice H/F;AGENT ADMINISTRATIF;CDI-CDD;BAC 
BTP;ERT Technologies;28;Conducteur de travaux H/F;CONDUCTEUR TRAVAUX;CDI-CDD;BAC+2 
BTP;ERT Technologies;28;Chef de chantier H/F;CONDUCTEUR TRAVAUX;CDI-CDD;BAC+2 
BTP;ERT Technologies;28;Assistante administratif H/F;AGENT ADMINISTRATIF;CDI-CDD;BAC+2 
INDUSTRIE;VEOLIA;29;VEOLIA RECYCLAGE - M�canicien poids lourds H/F;MECANICIEN;CDI;Experience + Permis B obligatoire
INDUSTRIE;VEOLIA;29;VEOLIA RECYCLAGE - Assistant Ressources Humaines H/F ;RH;CDI;BAC+2 BAC+3
INDUSTRIE;VEOLIA;29;VEOLIA RECYCLAGE - Assistant Commercial S�dentaire H/F ;COMMERCIAL;APPRENTISSAGE;BAC+2 BAC+3
INDUSTRIE;VEOLIA;29;VEOLIA RECYCLAGE - Equipier de collecte H/F ;MAGASINIER PREPARATEUR DE COMMANDE;CDI;PERMIS B
INDUSTRIE;VEOLIA;29;VEOLIA RECYCLAGE - Chauffeur poids lourd H/F ;CHAUFFEUR PL - VL - BUS;CDI ;Permis C, FIMO, FCO
INDUSTRIE;VEOLIA;29;VEOLIA RECYCLAGE - Charg� d�Etudes et Appel d�Offres H?F ;CHARGE D'ETUDES BTP;APPRENTISSAGE;BAC+4 BAC+5
INDUSTRIE;VEOLIA;29;VEOLIA RECYCLAGE - M�thodes / Atelier m�canique H?F ;TECHNICIEN PRODUCTION;APPRENTISSAGE;BAC+3
INDUSTRIE;VEOLIA;29;VEOLIA RECYCLAGE - MISE - Exploitation - Management et Ing�nierie H/F ;LOGISTICIEN;APPRENTISSAGE;BAC+5
INDUSTRIE;VEOLIA;29;VEOLIA RECYCLAGE - Assistant Commercial et Administration des Ventes H/F ;COMMERCIAL;APPRENTISSAGE;BAC+2 BAC+3
INDUSTRIE;VEOLIA;29;VEOLIA RECYCLAGE - Maintenance Industrielle H/F ;TECHNICIEN MAINTENANCE ;APPRENTISSAGE;CAP BAC+2
INDUSTRIE;VEOLIA;29;VEOLIA RECYCLAGE - Attach� d'exploitation en d�chetteries H/F ;LOGISTICIEN;APPRENTISSAGE;BAC+2
INDUSTRIE;VEOLIA;29;VEOLIA RECYCLAGE - Chef d'�quipe H/F ;MANAGER;CDI;BAC BAC+2
INDUSTRIE;VEOLIA;29;VEOLIA RECYCLAGE - M�canicien Poids Lourd H/F ;MECANICIEN;APPRENTISSAGE;CAP BAC+2
INDUSTRIE;VEOLIA;29;VEOLIA RECYCLAGE - Conducteur d'engins H/F ;CONDUCTEUR D'ENGINS;CDI; CACES R 482 (B2, C1, F) R489 (cat 3)
INDUSTRIE;VEOLIA;29;VEOLIA RECYCLAGE - Agent de tri H/F ;MAGASINIER PREPARATEUR DE COMMANDE;CDI;PERMIS B
INDUSTRIE;VEOLIA;29;VEOLIA RECYCLAGE - Technicien de maintenance industrielle H/F CDI ;TECHNICIEN MAINTENANCE ;CDI;BAC BAC+2 habilitations �lec : B2V-BR-BC-H2V-HC
INDUSTRIE;VEOLIA;29;VEOLIA RECYCLAGE - Chef de quart - Conducteur installations �nerg�tiques H/F;INGENIEUR;CDI;Experience
INDUSTRIE;VEOLIA;29;VEOLIA RECYCLAGE - Attach� d'exploitation H/F ;LOGISTICIEN;CDI;BAC+2
INDUSTRIE;VEOLIA;29;VEOLIA RECYCLAGE - Assistant Ressources Humaines H/F ;RH;CDI;BAC+3 BAC+5
INDUSTRIE;VEOLIA;29;VEOLIA RECYCLAGE - management et gestion d'une exploitation H/F ;MANAGER;APPRENTISSAGE;BAC+4 BAC+5
INDUSTRIE;VEOLIA;29;VEOLIA RECYCLAGE - Chauffeur - Conduite de Mat�riel de Collecte H/F  ;CHAUFFEUR PL - VL - BUS;APPRENTISSAGE;Permis B + apte visite m�dicale permis C-CE
INDUSTRIE;VEOLIA;29;VEOLIA RECYCLAGE - M�canicien H/F ;MECANICIEN;CDI;Experience requise + Permis B 
INDUSTRIE;VEOLIA;29;VEOLIA RECYCLAGE - M�canicien H/F ;MECANICIEN;APPRENTISSAGE;CAP BAC+2
INDUSTRIE;VEOLIA;29;VEOLIA EAU - Technicien Etudes et Projets H/F;TECHNICIEN R&D;CDI APPRENTISSAGE;BAC+2 BAC+3
INDUSTRIE;VEOLIA;29;VEOLIA EAU - Op�rateur R�seaux H/F ;ELECTRICIEN;CDI APPRENTISSAGE;BAC BAC+2
INDUSTRIE;VEOLIA;29;VEOLIA EAU - Responsable Equipe R�seaux Travaux H/F ;CONDUCTEUR TRAVAUX;CDI APPRENTISSAGE;BAC+2 BAC+3 BAC + 5
INDUSTRIE;VEOLIA;29;VEOLIA EAU - Technicien Traitement des Eaux H/F ;TECHNICIEN LABORATOIRE;CDI APPRENTISSAGE;BAC+2
INDUSTRIE;VEOLIA;29;VEOLIA EAU - Electrom�canicien H/F ;TECHNICIEN MAINTENANCE ;CDI APPRENTISSAGE;BAC A BAC+2
INDUSTRIE;VEOLIA;29;VEOLIA EAU - Charg� de Client�le H/F ;TECHNICO COMMERCIAL;CDI APPRENTISSAGE;BAC
INDUSTRIE;VEOLIA;29;VEOLIA EAU - Agent R�seaux Travaux H/F ;OUVRIER BTP;CDI APPRENTISSAGE;CAP BAC
INDUSTRIE;VEOLIA;29;VEOLIA EAU - Responsable Equipe Maintenance H/F ;TECHNICIEN MAINTENANCE ;CDI APPRENTISSAGE; BAC+2 BAC+3 BAC+5
INDUSTRIE;VEOLIA;29;VEOLIA EAU - Responsable Equipe Installations H/F ;CONDUCTEUR TRAVAUX;CDI APPRENTISSAGE; BAC+2 BAC+3 BAC+5
INDUSTRIE;VEOLIA;29;VEOLIA EAU - Responsable Equipe R�seaux H/F ;CONDUCTEUR TRAVAUX;CDI APPRENTISSAGE; BAC+2 BAC+3 BAC+5
HOTELLERIE RESTAURATION;ANGE;30;commis cuisine /p�tisserie H/F;CUISINIER;CDI;CAP
HOTELLERIE RESTAURATION;ANGE;30;adjointe de magasin/1er vendeuse H/F;VENDEUR;CDI;BAC
HOTELLERIE RESTAURATION;ANGE;30;boulanger H/F;METIER DE BOUCHE;CDI;CAP
HOTELLERIE RESTAURATION;ANGE;30;vendeuse/vendeur H/F;VENDEUR;CDI;CAP
HOTELLERIE RESTAURATION;ANGE;30;apprenti vente H/F;VENDEUR;APPRENTISSAGE;CAP
HOTELLERIE RESTAURATION;ANGE;30;apprenti restauration polyvalente H/F;CUISINIER;APPRENTISSAGE;CAP
HOTELLERIE RESTAURATION;ANGE;30;apprenti boulangerie H/F;METIER DE BOUCHE;APPRENTISSAGE;CAP
SANTE SOCIAL;JARDINS d'ARCADIE;31;Agent des services H�teliers H/F;EMPLOYE HOTELLERIE RESTAURATION;CDD;CAP / BEP
SANTE SOCIAL;JARDINS d'ARCADIE;31;Agent d'accueil H/F;AGENT D'ACCUEIL;CDD;CAP / BEP / BAC / BAC +2
SANTE SOCIAL;JARDINS d'ARCADIE;31;Assistante administrative et commerciale H/F;AGENT ADMINISTRATIF;CDD;BAC / BAC +2 
SANTE SOCIAL;JARDINS d'ARCADIE;31;Coordinatrice H/F;AGENT ADMINISTRATIF;CDD;BAC / BAC +2 
SANTE SOCIAL;JARDINS d'ARCADIE;31;Auxiliaire de vie H/F;AIDE A DOMICILE;CDD;CAP / BEP
SANTE SOCIAL;JARDINS d'ARCADIE;31;ASH/Veilleur de nuit H/F;AIDE SOIGNANTE;CDD;CAP
SANTE SOCIAL;JARDINS d'ARCADIE;31;Agent d'accueil et de services h�teliers H/F;RECEPTIONNISTE;CDD;CAP / BAC
SANTE SOCIAL;PROXIMITE SERVICES;32;Aide � domicile H/F;AIDE A DOMICILE;CDI;CAP BEP
NUMERIQUE;ID SOFT - IT&M R�gions;33;ID SOFT - D�veloppeur-euse Java H/F;DEVELOPPEUR;CDI;>=BAC+3
NUMERIQUE;ID SOFT - IT&M R�gions;33;ID SOFT - D�veloppeur-euse C# H/F;DEVELOPPEUR;CDI;>=BAC+3
NUMERIQUE;ID SOFT - IT&M R�gions;33;ID SOFT - D�veloppeur-euse React H/F;DEVELOPPEUR;CDI;>=BAC+3
NUMERIQUE;ID SOFT - IT&M R�gions;33;ID SOFT - Testeur-euse / Recetteur-euse fonctionnel;DEVELOPPEUR;CDI;>=BAC+3
BTP;EUROVIA;34;Man�uvre TP H/F;OUVRIER BTP;ETT - ETTI;Pas obligatoire (en fonction du profil)
BTP;EUROVIA;34;Constructeurs de routes H/F;OUVRIER BTP;Ouvert � tous types de contrats;CAP CRAU et/ou bac pro TP
BTP;EUROVIA;34;Ma�on VRD H/F;MACON;Ouvert � tous types de contrats;CAP CRAU et/ou bac pro TP
BTP;EUROVIA;34;Conducteur de pelle H/F;CONDUCTEUR D'ENGINS;Ouvert � tous types de contrats;CAP Conducteur d'engins + autres formations TP
BTP;EUROVIA;34;Canalisateurs H/F;CANALISATEUR;Ouvert � tous types de contrats;CAP CRAU et/ou bac pro TP
BTP;EUROVIA;34;Chef de chantier TP H/F;CONDUCTEUR TRAVAUX;Postes en CDI et stage/alternance;Bac +2/+3 (BTS/DUT/Licence/BUT) sp� TP/GC
BTP;EUROVIA;34;Chef de chantier Enrob�s H/F;CONDUCTEUR TRAVAUX;Postes en CDI et stage/alternance;Bac +2/+3 (BTS/DUT/Licence/BUT) sp� TP/GC
BTP;EUROVIA;34;G�om�tre topographe H/F;GEOMETRE TOPOGRAPHE;Postes en stage/alternance;Bac pro => Bac +2/3
BTP;EUROVIA;34;Ing�nieur �tudes H/F;CHARGE D'ETUDES BTP;Postes en CDI et stage/alternance;Bac + 3 avec exp�rience ou bac +5
BTP;EUROVIA;34;Conducteur/ Ing�nieur travaux H/F;CONDUCTEUR TRAVAUX;Postes en CDI et stage/alternance;Bac + 3 avec exp�rience ou bac +5
BTP;EUROVIA;34;Ing�nieur mat�riel H/F;INGENIEUR ;Postes en CDI et stage/alternance;Bac + 3 avec exp�rience ou bac +5
BTP;EUROVIA;34;Ing�nieur mat�riaux H/F;INGENIEUR;Postes en CDI et stage/alternance;Bac + 3 avec exp�rience ou bac +5
BTP;EUROVIA;34;Animateur QPE H/F;TECHNICIEN R&D;Postes en CDI et stage/alternance;Bac +2/ +3 (DUT HSE/�)
BTP;EUROVIA;34;Comptable clients/fournisseurs H/F;COMPTABLE CONTR�LE DE GESTION AUDIT;Postes en stage/alternance/ CDD;Bac +2/+3 (BTS/DUT/Licence/BUT)
BTP;EUROVIA;34;M�canicien TP H/F;MECANICIEN;Postes en CDI et stage/alternance;CAP/ Bac pro et/ou BTS Maintenance TP
BTP;EUROVIA;34;Pilote d'installations granulats H/F (carri�res);TECHNICIEN MAINTENANCE ;CDI;Exp�rience en electrotech + conduite engins
BTP;EUROVIA;34;Op�rateur centrale enrob� H/F (industries);OUVRIER BTP;Postes en alternance;Bac +2/+3 (BTS/DUT/Licence/BUT) sp� Electrotech/GEII�
FONCTION PUBLIQUE;CONSEIL DEPARTEMENTAL;35;Travailleur social H/F;ACCOMPAGNATEUR SOCIAL;CDD  de 1 � 3 ans;DE Educ sp� ou Assiste service social ou CESF
FONCTION PUBLIQUE;CONSEIL DEPARTEMENTAL;35;Assistant administratif H/F;AGENT ADMINISTRATIF;CDD  de 1 � 3 ans;BAC - BAC +2
FONCTION PUBLIQUE;CONSEIL DEPARTEMENTAL;35;Agent d'exploitation des routes H/F;OUVRIER BTP;CDD  de 1 � 3 ans;CAP / BEP
FONCTION PUBLIQUE;CONSEIL DEPARTEMENTAL;35;Psychologue H/F;PSYCHOLOGUE;CDD  de 1 � 3 ans;BAC + 5
FONCTION PUBLIQUE;CONSEIL DEPARTEMENTAL;35;Moniteur-�ducateur H/F;ACCOMPAGNATEUR SOCIAL;CDD  de 1 � 3 ans;DE Moniteur �ducateur
FONCTION PUBLIQUE;CONSEIL DEPARTEMENTAL;35;Agent d'entretien des locaux en coll�ge H/F;AGENT ENTRETIEN;CDD  de 1 � 3 ans;CAP / BEP
FONCTION PUBLIQUE;CONSEIL DEPARTEMENTAL;35;Chef de cuisine H/F;CUISINIER;CDD  de 1 � 3 ans;CAP / BEP
FONCTION PUBLIQUE;CONSEIL DEPARTEMENTAL;35;Assistants familiaux H/F;ACCOMPAGNATEUR SOCIAL;CDD  de 1 � 3 ans;sans dipl�me n�cessaire
FONCTION PUBLIQUE;CONSEIL DEPARTEMENTAL;35;Gestionnaire budg�taire H/F;COMPTABLE CONTR�LE DE GESTION AUDIT;CDD  de 1 � 3 ans;BAC + 2
FONCTION PUBLIQUE;CONSEIL DEPARTEMENTAL;35;Second de cuisine H/F;CUISINIER;CDD  de 1 � 3 ans;CAP / BEP
SERVICE;CREDIT MUTUEL;19;Conseiller client�le H/F;CONSEILLER ASSURANCE BANQUE;CDI;BAC+2
SERVICE;CREDIT MUTUEL;19;Conseiller en ligne H/F;CONSEILLER ASSURANCE BANQUE;CDD     CDI;BAC+2
SERVICE;CREDIT MUTUEL;19;Charg� de client�le particuliers H/F;CONSEILLER ASSURANCE BANQUE;CDI;BAC+2
SERVICE;CREDIT MUTUEL;19;Charg� d'affaires professionnelles H/F;CONSEILLER ASSURANCE BANQUE;CDI;BAC+3
SERVICE;CREDIT MUTUEL;19;Charg� d'affaires professionnelles Agricole H/F;CONSEILLER ASSURANCE BANQUE;CDI;BAC+3
SERVICE;ANIMALIS;36;Pr�parateur de commande H/F;MAGASINIER PREPARATEUR DE COMMANDE;CDI;RAS
SERVICE;ANIMALIS;36;Cariste H/F;MAGASINIER PREPARATEUR DE COMMANDE;CDI;CACES
SERVICE;ANIMALIS;36;Manutentionnaire H/F;MAGASINIER PREPARATEUR DE COMMANDE;CDI;RAS
SERVICE;ANIMALIS;36;Receptionnaire H/F;MAGASINIER PREPARATEUR DE COMMANDE;CDI;RAS
SERVICE;ANIMALIS;36;Gestionnaire de stock H/F;LOGISTICIEN;CDI;RAS
SERVICE;ANIMALIS;36;Poste administratif H/F;AGENT ADMINISTRATIF;CDI;RAS
SERVICE;ANIMALIS;36;Alternant logistique H/F;LOGISTICIEN;APPRENTISSAGE;BAC BAC+2
SERVICE;ANIMALIS;36;Stage administratif H/F;AGENT ADMINISTRATIF;STAGE;BAC, CAP, BEP
INDUSTRIE;SOTAX PHARMA;37;Technicien de laboratoire H/F;TECHNICIEN LABORATOIRE;CDD - CDI - APPRENTISSAGE;BAC+2  BAC+3
INDUSTRIE;SOTAX PHARMA;37;Chef de projet H/F;TECHNICIEN LABORATOIRE;CDD - CDI - APPRENTISSAGE;BAC+5
INDUSTRIE;INTEVA;38;Technicien de Maintenance H/F;TECHNICIEN MAINTENANCE ;CDI - STAGE - APPRENTISSAGE - INTERIM;CAP � BAC+3
INDUSTRIE;INTEVA;38;Usineur / fraiseur H/F;TECHNICIEN PRODUCTION;CDI - STAGE - APPRENTISSAGE - INTERIM;CAP � BAC+3
INDUSTRIE;INTEVA;38;Outilleur H/F;TECHNICIEN PRODUCTION;CDI - STAGE - APPRENTISSAGE - INTERIM;CAP � BAC+3
INDUSTRIE;INTEVA;38;Conducteur de presse H/F;TECHNICIEN PRODUCTION;CDI - STAGE - APPRENTISSAGE - INTERIM;CAP � BAC+3
INDUSTRIE;INTEVA;38;Technicien / ing�nieur m�thodes H/F;TECHNICIEN R&D;CDI - STAGE - APPRENTISSAGE;BAC +2 � BAC+5
INDUSTRIE;INTEVA;38;Ing�nieur de production H/F;INGENIEUR;CDI - STAGE - APPRENTISSAGE;BAC +2 � BAC+5
INDUSTRIE;INTEVA;38;Ing�nieur �lectronique H/F;INGENIEUR;CDI - STAGE - APPRENTISSAGE;BAC +2 � BAC+5
INDUSTRIE;INTEVA;38;Ing�nieur projets H/F;INGENIEUR;CDI - STAGE - APPRENTISSAGE;BAC +2 � BAC+5
INDUSTRIE;INTEVA;38;Responsable compte commercial H/F;INGENIEUR COMMERCIAL;CDI - STAGE - APPRENTISSAGE;BAC +2 � BAC+5
INDUSTRIE;INTEVA;38;Technicien informatique H/F;TECHNICIEN INFORMATIQUE;CDI - STAGE - APPRENTISSAGE;BAC +2 � BAC+5
INDUSTRIE;INTEVA;38;Technicien essais H/F;TECHNICIEN R&D;CDI - STAGE - APPRENTISSAGE;BAC +2 � BAC+5
INDUSTRIE;INTEVA;38;Agent logistique H/F;MAGASINIER PREPARATEUR DE COMMANDE;INTERIM;CAP � BAC+2
INDUSTRIE;INTEVA;38;Agent de production H/F;INGENIEUR;INTERIM;CAP � BAC+2
INDUSTRIE;INTEVA;38;Ing�nieur R&D H/F;INGENIEUR;CDI - STAGE - APPRENTISSAGE;BAC +2 � BAC+5
INDUSTRIE;EDF;39;controleur de gestion H/F;COMPTABLE CONTR�LE DE GESTION AUDIT;APPRENTISSAGE;>BAC+3
INDUSTRIE;EDF;39;agent de protection de site H/F;AGENT SECURITE;APPRENTISSAGE;BAC
INDUSTRIE;EDF;39;ASSISTANT MANAGER H/F;AGENT ADMINISTRATIF;APPRENTISSAGE;BAC+2
INDUSTRIE;EDF;39;TECHNICIEN ESSAIS H/F;TECHNICIEN R&D;APPRENTISSAGE;BAC+2
INDUSTRIE;EDF;39;TECHNICIEN CHIMIE H/F;TECHNICIEN LABORATOIRE;APPRENTISSAGE;BAC+2
INDUSTRIE;EDF;39;TECHNICIEN EXPLOITATION H/F;TECHNICIEN PRODUCTION;APPRENTISSAGE;BAC+2
INDUSTRIE;EDF;39;OPERATEUR EXPLOITATION H/F;TECHNICIEN PRODUCTION;APPRENTISSAGE;BAC+3
INDUSTRIE;EDF;39;TECHNICIEN ROBINETTERIE H/F;PLOMBIER CHAUFFAGISTE;APPRENTISSAGE;BAC+2
INDUSTRIE;EDF;39;TECHNICIEN AUTOMATISME H/F;TECHNICIEN MAINTENANCE ;APPRENTISSAGE;BAC+2
INDUSTRIE;EDF;39;TECHNICIEN LOGISTIQUE H/F;LOGISTICIEN;APPRENTISSAGE;BAC+2
INDUSTRIE;EDF;39;TECHNICIEN ENVIRONNEMENT NUCLEAIRE H/F;TECHNICIEN R&D;APPRENTISSAGE;BAC+2
INDUSTRIE;EDF;39;AGENT DE MAINTENANCE H/F;TECHNICIEN MAINTENANCE ;CDI;BAC
INDUSTRIE;EDF;39;CHARGE DE PREPARATION ROBINNETTERIE H/F;METALLIER CHAUDRONNIER ;CDI;BAC+2/BAC+3
INDUSTRIE;EDF;39;AGENT DE SURVEILLANCE TERRAIN H/F;AGENT SECURITE;CDI;BAC
INDUSTRIE;EDF;39;INGENIEUR MECANIQUE SOURCES FROIDES H/F;INGENIEUR;CDI;BAC+5
INDUSTRIE;EDF;39;TECHNICIEN PLANIFICATION H/F;LOGISTICIEN;CDI;BAC+2
INDUSTRIE;EDF;39;LOGISTICIEN D INTERFACE H/F;LOGISTICIEN;CDI;BAC+2
INDUSTRIE;EDF;39;TECHNICIEN ESSAIS H/F;TECHNICIEN R&D;CDI;BAC+2
INDUSTRIE;EDF;39;INGENIEUR CONTROLES COMMANDES H/F;INGENIEUR;CDI;BAC+5
INDUSTRIE;EDF;39;TECHNICIEN DE MAINTENANCE H/F;TECHNICIEN MAINTENANCE ;CDI;BAC+2
HOTELLERIE RESTAURATION;UMIH 45;40;Apprenti(e) cuisine H/F;CUISINIER;Apprentissage;RAS
HOTELLERIE RESTAURATION;UMIH 45;40;Apprenti(e) salle H/F;EMPLOYE HOTELLERIE RESTAURATION;Apprentissage;RAS
HOTELLERIE RESTAURATION;UMIH 45;40;Chef(fe) de cuisine H/F;CUISINIER;CDI ;RAS
HOTELLERIE RESTAURATION;UMIH 45;40;Chef(fe) de cuisine H/F;CUISINIER;CDI;RAS
HOTELLERIE RESTAURATION;UMIH 45;40;Chef(fe) de rang H/F;SERVEUR;CDI ;RAS
HOTELLERIE RESTAURATION;UMIH 45;40;Commis de cuisine  H/F;CUISINIER;CDI - CDD - EXTRA ;RAS
HOTELLERIE RESTAURATION;UMIH 45;40;Commis de cuisine / cuisinier H/F;CUISINIER;CDD;RAS
HOTELLERIE RESTAURATION;UMIH 45;40;Employ�(e) polyvalent(e) de restauration H/F;EMPLOYE HOTELLERIE RESTAURATION;CDI ;RAS
HOTELLERIE RESTAURATION;UMIH 45;40;Maitre d'h�tel H/F;SERVEUR;EXTRA ;RAS
HOTELLERIE RESTAURATION;UMIH 45;40;Serveur / chef de rang H/F;SERVEUR;CDD;RAS
HOTELLERIE RESTAURATION;UMIH 45;40;Serveur(se) H/F;SERVEUR;CDI - CDD - EXTRA - JOBD'ETE;RAS
INDUSTRIE;CARGILL;41;Conducteur de lignes H/F;TECHNICIEN MAINTENANCE ;CDI - CDD - INTERIM - ALTERNANCE;BAC - BAC+2 
NUMERIQUE;ID SOFT - IT&M R�gions;33;IT&M R�gions - Consultant AMOA H/F;CHEF DE PROJET INFORMATIQUE;CDI;BAC +5
NUMERIQUE;ID SOFT - IT&M R�gions;33;IT&M R�gions - Analyste fonctionnel H/F;EXPERT TECHNIQUE INFORMATIQUE;CDI;BAC +5
SERVICE;LA POSTE;42;LA POSTE - Charg� de d�veloppement en centre financier H/F;CONSEILLER ASSURANCE BANQUE;APPRENTISSAGE;BAC+2
SERVICE;LA POSTE;42;LA BANQUE POSTALE - Charg� de client�le H/F;CONSEILLER ASSURANCE BANQUE;CDI;BAC+2
SERVICE;LA POSTE;42;LA POSTE - Charg� de client�le H/F;COMMERCIAL;APPRENTISSAGE;BAC  
SERVICE;LA POSTE;42;MEDIAPOST - Pr�parateur Manutentionnaire H/F;MAGASINIER PREPARATEUR DE COMMANDE;CDI;< BAC
SERVICE;LA POSTE;42;LA POSTE - Conseiller client�le professionnelle H/F;TECHNICO COMMERCIAL;APPRENTISSAGE;BAC +2
SERVICE;LA POSTE;42;LA POSTE - Facteur H/F;AGENT ADMINISTRATIF;APPRENTISSAGE;< BAC
SERVICE;LA POSTE;42;LA POSTE - Charg� de pilotage et performance formation H/F;RH ;CDD;BAC+2
SERVICE;LA POSTE;42;LA BANQUE POSTALE - conseiller bancaire confirm� H/F;CONSEILLER ASSURANCE BANQUE;CDI;BAC+3
SERVICE;LA POSTE;42;LA BANQUE POSTALE - conseiller bancaire junior H/F;CONSEILLER ASSURANCE BANQUE;CDI;BAC+3
SERVICE;LA POSTE;42;LA BANQUE POSTALE - conseiller client�le banque � distance H/F;CONSEILLER ASSURANCE BANQUE;CDI;BAC+2
SERVICE;INTERLOG;43;Coordinateur Transport Expert H/F;LOGISTICIEN;CDI CDD STAGE;RAS
SERVICE;INTERLOG ;43;D�veloppeur JAVA H/F;DEVELOPPEUR;CDI ;RAS
SERVICE;INTERLOG;43;Affr�teur H/F;LOGISTICIEN;CDI ;RAS
INDUSTRIE;SNCF;25;SNCF VOYAGEURS - Op�rateur de maintenance H/F;TECHNICIEN MAINTENANCE ;CDI ;CAP-BEP- BAC
INDUSTRIE;SNCF;25;SNCF VOYAGEURS - R�f�rent/ Technicien de maintenance H/F;TECHNICIEN MAINTENANCE ;CDI ;BAC+2 - BAC +3
INDUSTRIE;SNCF;25;SNCF VOYAGEURS - Agent Mouvement Logisitique H/F;LOGISTICIEN;CDI ;CAP-BEP- BAC
SERVICE;AXA;44;Conseiller en gestion social et patrimonial H/F;CONSEILLER ASSURANCE BANQUE;CDI;BAC+2
SERVICE;AXA;44;Conseiller en gestion social et patrimonial H/F;COMPTABLE CONTR�LE DE GESTION AUDIT;CONTRAT QUALIFICATION PRO;BAC
SERVICE;AXA;44;Mandataire d'assurance H/F;CONSEILLER ASSURANCE BANQUE;AUTO ENTREPRENEUR;RAS
SERVICE;CAISSE D'EPARGNE;45;Conseiller client�le Multim�dia F/H;COMMERCIAL;CDI;BAC+2/3
SERVICE;CAISSE D'EPARGNE;45;Charg� de Client�le Particuliers F/H;CONSEILLER ASSURANCE BANQUE;CDI;BAC+2/3
SERVICE;CAISSE D'EPARGNE;45;Gestionnaire de Client�le Premium F/H;CONSEILLER ASSURANCE BANQUE;CDI;BAC+2/3
SERVICE;CAISSE D'EPARGNE;45;Charg� de Client�le Professionnels F/H;CONSEILLER ASSURANCE BANQUE;CDI;BAC+2/3
SERVICE;CAISSE D'EPARGNE;45;Assistant Charg� d'Affaires Entreprises F/H;CONSEILLER ASSURANCE BANQUE;CDI;BAC+5
INDUSTRIE;HAPPYVORE;46;Conducteur process extrudeur H/F;TECHNICIEN PRODUCTION;CDI;RAS
INDUSTRIE;HAPPYVORE;46;Conducteur process cutter H/F;TECHNICIEN PRODUCTION;CDI;RAS
INDUSTRIE;HAPPYVORE;46;Conducteur de ligne de conditionnement H/F;TECHNICIEN MAINTENANCE ;CDI;RAS
INDUSTRIE;HAPPYVORE;46;Op�rateur en agroalimentaire H/F;TECHNICIEN PRODUCTION;CDI;RAS
INDUSTRIE;HAPPYVORE;46;Technicien de maintenance H/F;TECHNICIEN MAINTENANCE ;CDI;RAS
INDUSTRIE;HAPPYVORE;46;Agent de maintenance H/F;TECHNICIEN MAINTENANCE ;CDI;RAS
INDUSTRIE;HAPPYVORE;46;Magasinier/cariste H/F;MAGASINIER PREPARATEUR DE COMMANDE;CDI;RAS
AGRICULTURE;P�pini�res TRAVERS;47;P�pini�riste H/F;AGRICULTEUR;APPRENTISSAGE;CAP
AGRICULTURE;P�pini�res TRAVERS;47;P�pini�riste H/F;AGRICULTEUR;APPRENTISSAGE;BEP
AGRICULTURE;P�pini�res TRAVERS;47;P�pini�riste H/F;AGRICULTEUR;APPRENTISSAGE;BAC
AGRICULTURE;P�pini�res TRAVERS;47;P�pini�riste H/F;AGRICULTEUR;CDD;RAS
AGRICULTURE;P�pini�res TRAVERS;47;P�pini�riste H/F;AGRICULTEUR;CDI;RAS
AGRICULTURE;P�pini�res TRAVERS;47;Webmarketing & Communication H/F;CHARGE COMMUNICATION MARKETING;APPRENTISSAGE;>BAC+3
AGRICULTURE;P�pini�res TRAVERS;47;Webmarketing & Communication H/F;CHARGE COMMUNICATION MARKETING;APPRENTISSAGE;BAC +2
SANTE SOCIAL;EPSM DAUMEZON;48;ANIMATEUR QUALITE GESTION DES RISQUES H/F;TECHNICIEN R&D;CDI CDD ;BAC+2
SANTE SOCIAL;EPSM DAUMEZON;48;ASSISTANT SOCIAL H/F;ACCOMPAGNATEUR SOCIAL;CDI CDD ;DIPL�ME D'ETAT
SANTE SOCIAL;EPSM DAUMEZON;48;EDUCATEUR SPECIALISE H/F;ACCOMPAGNATEUR SOCIAL;CDI CDD ;DIPL�ME D'ETAT
SANTE SOCIAL;EPSM DAUMEZON;48;CADRE DE DEPARTEMENT D'INFORMATION MEDICALE H/F;CADRE SANTE;STAGE (FONCTION PUBLIQUE) OU CDI;BAC+3
SANTE SOCIAL;EPSM DAUMEZON;48;CADRE DE SANTE H/F;CADRE SANTE;STAGE (FONCTION PUBLIQUE) OU CDI;DIPL�ME D'ETAT
SANTE SOCIAL;EPSM DAUMEZON;48;INFIRMIERS EN SOINS GENERAUX H/F;INFIRMIER;STAGE (FONCTION PUBLIQUE) OU CDI;DIPL�ME D'ETAT
SANTE SOCIAL;EPSM DAUMEZON;48;ORTHOPHONISTES H/F;CADRE SANTE;CDI CDD ;DIPL�ME D'ETAT
SANTE SOCIAL;EPSM DAUMEZON;48;PSYCHOLOGUES H/F;CADRE SANTE;CDI CDD ;DIPL�ME D'ETAT
SANTE SOCIAL;EPSM DAUMEZON;48;RESPONSABLE DE LA TRANSVERSALITE ET DES ADMISSIONS H/F;MANAGER;CDI CDD ;BAC+3
SANTE SOCIAL;EPSM DAUMEZON;48;RESPONSABLE DES ACHATS H/F;ACHETEUR;CDI CDD ;BAC+3
SANTE SOCIAL;EPSM DAUMEZON;48;SECRETAIRES DE DIRECTION H/F;AGENT ADMINISTRATIF;CDI CDD ;BAC
SANTE SOCIAL;EPSM DAUMEZON;48;SECRETAIRES MEDICALES H/F;ASSISTANT MEDICAL;CDI CDD ;BAC
SANTE SOCIAL;EPSM DAUMEZON;48;GESTIONNAIRES ADMINISTRATIFS H/F;AGENT ADMINISTRATIF;CDI CDD ;CAP BEP
SANTE SOCIAL;EPSM DAUMEZON;48;GESTIONNAIRES FINANCES COMPTABILITE H/F;COMPTABLE CONTR�LE DE GESTION AUDIT;CDI CDD ;BAC � BAC+2
SANTE SOCIAL;EPSM DAUMEZON;48;CUISINIER H/F;CUISINIER;CDI CDD ;CAP BEP
SANTE SOCIAL;EPSM DAUMEZON;48;RESPONSABLE CUISINE H/F;CUISINIER;CDI CDD ;CAP BEP
SANTE SOCIAL;EPSM DAUMEZON;48;AUXILIAIRE DE PUERICULTURE H/F;ASSISTANTE MATERNELLE;CDI CDD ;CAP BEP
SANTE SOCIAL;EPSM DAUMEZON;48;AIDES SOIGNANTS H/F;AIDE SOIGNANTE;CDI CDD ;DIPL�ME D'ETAT
SANTE SOCIAL;EPSM DAUMEZON;48;OUVRIERS PROFESSIONNELS SERVICES SUPPORTS LOGISTIQUES H/F;MAGASINIER PREPARATEUR DE COMMANDE;CDI CDD ;CAP BEP
SANTE SOCIAL;EPSM DAUMEZON;48;MAGASINIER LIVREUR H/F;MAGASINIER PREPARATEUR DE COMMANDE;CDI CDD ;CAP BEP
SANTE SOCIAL;EPSM DAUMEZON;48;PSYCHOMOTRICIEN H/F;CADRE SANTE;CDI CDD ;DIPL�ME D'ETAT
SANTE SOCIAL;EPSM DAUMEZON;48;PERMANENCIER H/F;ASSISTANT MEDICAL;CDI CDD ;CAP BEP
INDUSTRIE;PROVA;49;Conducteur de ligne / Agent de fabrication  H/F;TECHNICIEN MAINTENANCE ;ETT - CDI - Apprentissage ;Bac ou habilitations conduite d'engins (chariot/gerbeur)
INDUSTRIE;PROVA;49;Op�rateur de production  H/F;TECHNICIEN PRODUCTION;ETT - CDI - Apprentissage ;BAC
INDUSTRIE;PROVA;49;Op�rateur de conditionnement H/F;TECHNICIEN PRODUCTION;ETT - CDI;BAC
INDUSTRIE;PROVA;49;Magasinier Gestionnaire de stocks H/F;MAGASINIER PREPARATEUR DE COMMANDE;ETT - CDI ;Bac +2 m�tiers de la logistique ou exp�rience dans la logistique/pr�paration de commandes, CACES 1,3,5
INDUSTRIE;PROVA;49;Magasinier Cariste H/F;MAGASINIER PREPARATEUR DE COMMANDE;ETT - CDI ;Bac ou exp�rience, CACES 1,3,5
INDUSTRIE;PROVA;49;Charg� de Bureau d'Etudes H/F;TECHNICIEN R&D;CDD - CDI;Bac +2 BTS/DUT en conception de produits industriels, g�nie m�canique et productique ou assistant technique d'ing�nieur 
INDUSTRIE;PROVA;49;Ing�nieur D�veloppement Industrialisation  H/F;INGENIEUR;CDD - CDI - Apprentissage;Bac +5
INDUSTRIE;PROVA;49;Aide Comptable H/F;COMPTABLE CONTR�LE DE GESTION AUDIT;CDD - CDI;Bac Pro ou BTS en comptabilit� et gestion ou similaire
INDUSTRIE;PROVA;49;Contr�leur de gestion  H/F;COMPTABLE CONTR�LE DE GESTION AUDIT;CDD - CDI ;Master Contr�le de Gestion / Comptabilit�-Contr�le-Audit / Syst�mes d'Information et Contr�le de Gestio ou �cole de commerce avec une sp�cialisation dans le Contr�le de Gestion et Audit
INDUSTRIE;PROVA;49;Pr�parateur en Compositions Aromatiques H/F;TECHNICIEN LABORATOIRE;CDD - CDI;CAP employ� technique de laboratoire - Bac PRO industries des proc�d�s - Bac STL chimie de laboratoire et proc�d�s industriels. Pr�parateur en pharmacie, parfum, cosm�tique ou aromatique alimentaire ou exp�rience �quivalente. 
INDUSTRIE;PROVA;49;Technicien de laboratoire H/F;TECHNICIEN LABORATOIRE;CDD - CDI;CAP employ� technique de laboratoire - Bac PRO industries des proc�d�s - Bac STL chimie de laboratoire et proc�d�s industriels. Pr�parateur en pharmacie, parfum, cosm�tique ou aromatique alimentaire ou exp�rience �quivalente, habilitation � la conduite d'engins (chariot/gerbeur)
INDUSTRIE;PROVA;49;Gestionnaire Ordonancement et Planification  H/F;LOGISTICIEN;CDD - CDI;BTS Gestion de production, BTS QLIO Qualit� logistique industrielle et organisation, Licence pro Management de la chaine logistique
INDUSTRIE;PROVA;49;Electrom�canicien  H/F;TECHNICIEN MAINTENANCE ;CDI - Apprentissage;Bac Pro/ BTS/ Licence en Maintenance, justifiant au minimum d�une exp�rience de 2 ann�es, Habilitations sp�cifiques n�cessaires � sa fonction (�lectrique BT/HT, conducteur de chaudi�re, chariot).
INDUSTRIE;PROVA;49;Soudeur Polyvalent H/F;METALLIER CHAUDRONNIER ;CDI - Apprentissage;CAP serrurier m�tallier/Bac pro technicien en chaudronnerie industrielle/Bac techno STI2D/Titre professionnel soudeur ou agent de fabrication d�ensembles m�talliques ou exp�rience �quivalente, Habilitations sp�cifiques (conducteur de chaudi�re, chariot, nacelle).
INDUSTRIE;PROVA;49;Ing�nieur M�thodes H/F;INGENIEUR;CDI - CDD - Apprentissage;Bac +5 Ing�nieur agro / agri, g�n�raliste ou chimiste
INDUSTRIE;PROVA;49;Gestionnaire Approvisionnement et Planification  H/F;LOGISTICIEN;CDD - CDI;Bac + 5�ing�nieur, dipl�me d'�cole de commerce ou master avec une sp�cialisation en logistique, logistique industrielle, organisation et gestion de production, achats�
INDUSTRIE;PROVA;49;Assistant Qualit� H/F;TECHNICIEN PRODUCTION;CDD - CDI - Apprentissage;BTS Bioanalyses et contr�le, BTS Qualit� dans les industries agroalimentaires et bio-industrielles,�DUT Qualit� logistique industrielle et organisation, DUT m�trologien contr�le qualit�, Licence Pro animateur qualit�, Licence pro Gestion de la production industrielle, Licence pro Gestion de la qualit� des produits alimentaires...
INDUSTRIE;PROVA;49;Contr�leur Qualit� H/F;TECHNICIEN PRODUCTION;CDD - CDI - Apprentissage;Bac + 2 ou �quivalent avec exp�rience dans un poste ou fonction similaire
INDUSTRIE;PROVA;49;Assistant RH  H/F;RH ;CDD - CDI - Apprentissage;Bac +3 Gestion des Ressources Humaines ou �quivalent
INDUSTRIE;PROVA;49;Agent de gestion des dechets H/F;AGENT ENTRETIEN;CDD - CDI;Bac ou exp�rience, formation ADR, formation produits et d�chets (dangereux et non dangereux), habilitation � la conduite d'engins
INDUSTRIE;PROVA;49;Assistant S�curit� Environnement H/F;TECHNICIEN PRODUCTION;CDD - CDI - Apprentissage;Bac +3 dans le domaine de la s�curit� / environnement
INDUSTRIE;GUINAULT;50;C�bleur (H/F);ELECTRICIEN;ETT;CAP / BEP / BAC PRO
INDUSTRIE;GUINAULT;50;Monteur (H/F);ELECTRICIEN;ETT;CAP / BEP / BAC PRO
INDUSTRIE;GUINAULT;50;Technicien essai de production (H/F);TECHNICIEN R&D;ETT;CAP / BEP / BAC PRO
INDUSTRIE;GUINAULT;50;Gestionnaire approvisionnement (H/F);LOGISTICIEN;CDI;BAC+3 et +
INDUSTRIE;GUINAULT;50;Assistant export SAV (H/F);LOGISTICIEN;CDI;BAC+2/3
INDUSTRIE;GUINAULT;50;Agent logistique (H/F);LOGISTICIEN;ETT;CAP / BEP / BAC PRO
INDUSTRIE;GUINAULT;50;Technicien frigoriste (H/F);PLOMBIER CHAUFFAGISTE;CDI;CAP / BEP / BAC PRO / BTS
INDUSTRIE;GUINAULT;50;Technicien frigoriste international (H/F);PLOMBIER CHAUFFAGISTE;CDI;CAP / BEP / BAC PRO / BTS
INDUSTRIE;GUINAULT;50;Responsable d'atelier (H/F) ;TECHNICIEN PRODUCTION;CDI;CAP / BEP / BAC PRO / BTS / BAC+3
INDUSTRIE;GUINAULT;50;Bobinier (H/F);ELECTRONICIEN;ETT;CAP / BEP / BAC PRO
INDUSTRIE;GUINAULT;50;Ing�nieur m�thodes (H/F);INGENIEUR;CDI;Dipl�me ing�nieur / BAC+5
INDUSTRIE;GUINAULT;50;Technicien metteur au point (H/F);TECHNICIEN R&D;CDI;BAC+2
INDUSTRIE;GUINAULT;50;Technicien sup�rieur �lectrotechnique (H/F);TECHNICIEN MAINTENANCE ;CDI;BAC+2
INDUSTRIE;GUINAULT;50;Ing�nieur BE g�nie �lectrique (H/F);INGENIEUR;CDI;Dipl�me ing�nieur / BAC+5
SERVICE;ATAC PIECES AUTO;51;Apprenti asisstant QSE H/F;TECHNICIEN PRODUCTION;APPRENTISSAGE;BAC+3 � BAC+5
SERVICE;ATAC PIECES AUTO;51;Conseiller de vente H/F;VENDEUR;APPRENTISSAGE;CAP � BAC+2
SERVICE;ATAC PIECES AUTO;51;Apprenti magasinier H/F;MAGASINIER PREPARATEUR DE COMMANDE;APPRENTISSAGE;BAC
SERVICE;ATAC PIECES AUTO;51;Assistant RH H/F;RH ;STAGE;BAC+2 � BAC+5
SERVICE;ATAC PIECES AUTO;51;Assistant admnistratif H/F;AGENT ADMINISTRATIF;STAGE;BAC+2 � BAC+5
SERVICE;ATAC PIECES AUTO;51;Assistant gestionnaire march�s publics H/F;TECHNICO COMMERCIAL;STAGE;BAC+3
SERVICE;ATAC PIECES AUTO;51;Assistant comptable H/F;COMPTABLE CONTR�LE DE GESTION AUDIT;STAGE;BAC+2 � BAC+3
SERVICE;ATAC PIECES AUTO;51;Magasinier - Pr�parateur de commandes H/F;MAGASINIER PREPARATEUR DE COMMANDE;STAGE;BAC � BAC+2
SERVICE;ATAC PIECES AUTO;51;Conseiller de vente H/F;VENDEUR;STAGE;BAC � BAC+3
SERVICE;ATAC PIECES AUTO;51;Magasinier - Pr�parateur de commandes H/F;MAGASINIER PREPARATEUR DE COMMANDE;CDI;CAP � BAC+2
SERVICE;ATAC PIECES AUTO;51;Livreur H/F;CHAUFFEUR PL - VL - BUS;CDI;CAP � BAC+2
SERVICE;ATAC PIECES AUTO;51;Conseiller de vente H/F;VENDEUR;CDI;CAP � BAC+3
SERVICE;DEMECO;52;OPTIMA - Technicien de maintenance H/F;TECHNICIEN MAINTENANCE ;CDI;CAP
SERVICE;DEMECO;52;OPTIMA - Electrom�canicien H/F;TECHNICIEN MAINTENANCE ;CDI;CAP
SERVICE;DEMECO;52;OPTIMA -Electricien  H/F;ELECTRICIEN;CDI;CAP
SERVICE;DEMECO;52;D�m�nageur H/F;MAGASINIER PREPARATEUR DE COMMANDE;CDI;CAP
SERVICE;DEMECO;52;chauffeur PL/SPL H/F;CHAUFFEUR PL - VL - BUS;CDI;CAP
SERVICE;DEMECO;52;Charg� de client�le sedentaire H/F;COMMERCIAL;CDI;Bac+2
SERVICE;DEMECO;52;Informatique H/F;TECHNICIEN INFORMATIQUE;CDI;> Bac+3
SERVICE;DEMECO;52;Marketing H/F;CHARGE COMMUNICATION MARKETING;CDI;> Bac+3
